車両識別番号,車種名,閾値_AT異常,閾値_画面強調,閾値_Lv1,閾値_Lv2,閾値_Lv3
CKM001,グリッター・EB,17.9,20.5,23.9,24.7,26.3
CKM002,グリッター・EB,17.9,20.5,23.9,24.7,26.3
CKM003,グリッター・EB,17.9,20.5,23.9,24.7,26.3
CKM004,グリッター・EB,17.9,20.5,23.9,24.7,26.3
CKM005,グリッター・EB,17.9,20.5,23.9,24.7,26.3
CKM006,グリッター・EB,17.9,20.5,23.9,24.7,26.3
CKM007,グリッター・EB,17.9,20.5,23.9,24.7,26.3
CKM008,グリッター・EB,17.9,20.5,23.9,24.7,26.3
CKM009,グリッター・EB,17.9,20.5,23.9,24.7,26.3
CKM010,グリッター・EB,17.9,20.5,23.9,24.7,26.3
CKM011,グリッター・EB,17.9,20.5,23.9,24.7,26.3
CKM012,グリッター・EB,17.9,20.5,23.9,24.7,26.3
CKM013,グリッター・EB,17.9,20.5,23.9,24.7,26.3
CKM014,グリッター・EB,17.9,20.5,23.9,24.7,26.3
CKM015,グリッター・EB,17.9,20.5,23.9,24.7,26.3
CKM016,グリッター・EB,17.9,20.5,23.9,24.7,26.3
CKM017,グリッター・EB,17.9,20.5,23.9,24.7,26.3
CKM018,グリッター・EB,17.9,20.5,23.9,24.7,26.3
CKM019,グリッター・EB,17.9,20.5,23.9,24.7,26.3
CKM020,グリッター・EB,17.9,20.5,23.9,24.7,26.3
CKM021,グリッター・EB,17.9,20.5,23.9,24.7,26.3
CKM022,グリッター・EB,17.9,20.5,23.9,24.7,26.3
CKM023,グリッター・EB,17.9,20.5,23.9,24.7,26.3
CKM024,グリッター・EB,17.9,20.5,23.9,24.7,26.3
CKM025,グリッター・EB,17.9,20.5,23.9,24.7,26.3
CKM026,グリッター・EB,17.9,20.5,23.9,24.7,26.3
CKM027,グリッター・EB,17.9,20.5,23.9,24.7,26.3
CKM028,グリッター・EB,17.9,20.5,23.9,24.7,26.3
CKM029,グリッター・EB,17.9,20.5,23.9,24.7,26.3
CKM030,グリッター・EB,17.9,20.5,23.9,24.7,26.3
CKM031,グリッター・EB,17.9,20.5,23.9,24.7,26.3
CKM032,グリッター・EB,17.9,20.5,23.9,24.7,26.3
CKM033,グリッター・EB,17.9,20.5,23.9,24.7,26.3
CKM034,グリッター・EB,17.9,20.5,23.9,24.7,26.3
CKM035,グリッター・EB,17.9,20.5,23.9,24.7,26.3
FKI001,"PasCityC	",24,24,24.6,25.3,26.4
FKI002,"PasCityC	",24,24,24.6,25.3,26.4
FKI003,"PasCityC	",24,24,24.6,25.3,26.4
FKI004,"PasCityC	",24,24,24.6,25.3,26.4
FKI005,"PasCityC	",24,24,24.6,25.3,26.4
FKI006,"PasCityC	",24,24,24.6,25.3,26.4
FKI007,"PasCityC	",24,24,24.6,25.3,26.4
FKI008,"PasCityC	",24,24,24.6,25.3,26.4
FKI009,"PasCityC	",24,24,24.6,25.3,26.4
FKI010,"PasCityC	",24,24,24.6,25.3,26.4
FKI011,"PasCityC	",24,24,24.6,25.3,26.4
FKI012,"PasCityC	",24,24,24.6,25.3,26.4
FKI013,"PasCityC	",24,24,24.6,25.3,26.4
FKI014,"PasCityC	",24,24,24.6,25.3,26.4
FKI015,"PasCityC	",24,24,24.6,25.3,26.4
FKI016,"PasCityC	",24,24,24.6,25.3,26.4
FKI017,"PasCityC	",24,24,24.6,25.3,26.4
FKI018,"PasCityC	",24,24,24.6,25.3,26.4
FKI019,"PasCityC	",24,24,24.6,25.3,26.4
FKI020,"PasCityC	",24,24,24.6,25.3,26.4
FKI021,"PasCityC	",24,24,24.6,25.3,26.4
FKI022,"PasCityC	",24,24,24.6,25.3,26.4
FKI023,"PasCityC	",24,24,24.6,25.3,26.4
FKI024,"PasCityC	",24,24,24.6,25.3,26.4
FKI025,"PasCityC	",24,24,24.6,25.3,26.4
FKI026,"PasCityC	",24,24,24.6,25.3,26.4
FKI027,"PasCityC	",24,24,24.6,25.3,26.4
FKI028,"PasCityC	",24,24,24.6,25.3,26.4
FKI029,"PasCityC	",24,24,24.6,25.3,26.4
FKI030,"PasCityC	",24,24,24.6,25.3,26.4
FKI031,"PasCityC	",24,24,24.6,25.3,26.4
FKI032,"PasCityC	",24,24,24.6,25.3,26.4
FKI033,"PasCityC	",24,24,24.6,25.3,26.4
FKI034,"PasCityC	",24,24,24.6,25.3,26.4
FKI035,"PasCityC	",24,24,24.6,25.3,26.4
FKI036,"PasCityC	",24,24,24.6,25.3,26.4
FKI037,"PasCityC	",24,24,24.6,25.3,26.4
FKI038,"PasCityC	",24,24,24.6,25.3,26.4
FKI039,"PasCityC	",24,24,24.6,25.3,26.4
FKI040,"PasCityC	",24,24,24.6,25.3,26.4
FKI041,"PasCityC	",24,24,24.6,25.3,26.4
FKI042,"PasCityC	",24,24,24.6,25.3,26.4
FKI043,"PasCityC	",24,24,24.6,25.3,26.4
FKI044,"PasCityC	",24,24,24.6,25.3,26.4
FKI045,"PasCityC	",24,24,24.6,25.3,26.4
FKI046,"PasCityC	",24,24,24.6,25.3,26.4
FKI047,"PasCityC	",24,24,24.6,25.3,26.4
FKI048,"PasCityC	",24,24,24.6,25.3,26.4
FKI049,"PasCityC	",24,24,24.6,25.3,26.4
FKI050,"PasCityC	",24,24,24.6,25.3,26.4
FKI051,"PasCityC	",24,24,24.6,25.3,26.4
FKI052,"PasCityC	",24,24,24.6,25.3,26.4
FKI053,"PasCityC	",24,24,24.6,25.3,26.4
FKI054,"PasCityC	",24,24,24.6,25.3,26.4
FKI055,"PasCityC	",24,24,24.6,25.3,26.4
FKI056,"PasCityC	",24,24,24.6,25.3,26.4
FKI057,"PasCityC	",24,24,24.6,25.3,26.4
FKI058,"PasCityC	",24,24,24.6,25.3,26.4
FKI059,VIENTA5,24,24,24.6,25.3,26.4
FKI060,VIENTA5,24,24,24.6,25.3,26.4
FKI061,"PasCityC	",24,24,24.6,25.3,26.4
FKI062,"PasCityC	",24,24,24.6,25.3,26.4
FKI063,"PasCityC	",24,24,24.6,25.3,26.4
FKI064,"PasCityC	",24,24,24.6,25.3,26.4
FKI065,"PasCityC	",24,24,24.6,25.3,26.4
FKI066,"PasCityC	",24,24,24.6,25.3,26.4
FKI067,"PasCityC	",24,24,24.6,25.3,26.4
FKI068,"PasCityC	",24,24,24.6,25.3,26.4
FKI069,"PasCityC	",24,24,24.6,25.3,26.4
FKI070,"PasCityC	",24,24,24.6,25.3,26.4
FKI071,"PasCityC	",24,24,24.6,25.3,26.4
FKI072,"PasCityC	",24,24,24.6,25.3,26.4
FKI073,"PasCityC	",24,24,24.6,25.3,26.4
FKI074,"PasCityC	",24,24,24.6,25.3,26.4
FKI075,"PasCityC	",24,24,24.6,25.3,26.4
FKI076,"PasCityC	",24,24,24.6,25.3,26.4
FKI077,"PasCityC	",24,24,24.6,25.3,26.4
FKI078,"PasCityC	",24,24,24.6,25.3,26.4
FKI079,"PasCityC	",24,24,24.6,25.3,26.4
FKI080,"PasCityC	",24,24,24.6,25.3,26.4
FKI081,"PasCityC	",24,24,24.6,25.3,26.4
FKI082,"PasCityC	",24,24,24.6,25.3,26.4
FKI083,"PasCityC	",24,24,24.6,25.3,26.4
FKI084,"PasCityC	",24,24,24.6,25.3,26.4
FKI085,"PasCityC	",24,24,24.6,25.3,26.4
FKI086,"PasCityC	",24,24,24.6,25.3,26.4
FKI087,"PasCityC	",24,24,24.6,25.3,26.4
FKI088,"PasCityC	",24,24,24.6,25.3,26.4
FKI089,"PasCityC	",24,24,24.6,25.3,26.4
FKI090,"PasCityC	",24,24,24.6,25.3,26.4
FKI091,"PasCityC	",24,24,24.6,25.3,26.4
FKI092,"PasCityC	",24,24,24.6,25.3,26.4
FKI093,"PasCityC	",24,24,24.6,25.3,26.4
FKI094,"PasCityC	",24,24,24.6,25.3,26.4
FKI095,"PasCityC	",24,24,24.6,25.3,26.4
FKI096,"PasCityC	",24,24,24.6,25.3,26.4
FKI097,"PasCityC	",24,24,24.6,25.3,26.4
FKI098,"PasCityC	",24,24,24.6,25.3,26.4
FKI099,"PasCityC	",24,24,24.6,25.3,26.4
FKI100,"PasCityC	",24,24,24.6,25.3,26.4
FKI101,"PasCityC	",24,24,24.6,25.3,26.4
FKI102,"PasCityC	",24,24,24.6,25.3,26.4
IZM001,グリッター・EB,20.5,20.5,23.9,24.7,26.3
IZM002,グリッター・EB,20.5,20.5,23.9,24.7,26.3
IZM003,グリッター・EB,20.5,20.5,23.9,24.7,26.3
IZM004,グリッター・EB,20.5,20.5,23.9,24.7,26.3
IZM005,グリッター・EB,20.5,20.5,23.9,24.7,26.3
IZM006,グリッター・EB,20.5,20.5,23.9,24.7,26.3
IZM007,グリッター・EB,20.5,20.5,23.9,24.7,26.3
IZM008,グリッター・EB,20.5,20.5,23.9,24.7,26.3
IZM009,グリッター・EB,20.5,20.5,23.9,24.7,26.3
IZM010,グリッター・EB,20.5,20.5,23.9,24.7,26.3
IZM011,グリッター・EB,20.5,20.5,23.9,24.7,26.3
IZM012,グリッター・EB,20.5,20.5,23.9,24.7,26.3
IZM013,グリッター・EB,20.5,20.5,23.9,24.7,26.3
IZM014,グリッター・EB,20.5,20.5,23.9,24.7,26.3
IZM015,グリッター・EB,20.5,20.5,23.9,24.7,26.3
IZM016,グリッター・EB,20.5,20.5,23.9,24.7,26.3
IZM017,グリッター・EB,20.5,20.5,23.9,24.7,26.3
IZM018,グリッター・EB,20.5,20.5,23.9,24.7,26.3
IZM019,グリッター・EB,20.5,20.5,23.9,24.7,26.3
IZM020,グリッター・EB,20.5,20.5,23.9,24.7,26.3
IZM021,グリッター・EB,20.5,20.5,23.9,24.7,26.3
IZM022,グリッター・EB,20.5,20.5,23.9,24.7,26.3
IZM023,グリッター・EB,20.5,20.5,23.9,24.7,26.3
IZM024,グリッター・EB,20.5,20.5,23.9,24.7,26.3
IZM025,グリッター・EB,20.5,20.5,23.9,24.7,26.3
KMT001,"PasCityC	",24,24,24.6,25.3,26.4
KMT002,"PasCityC	",24,24,24.6,25.3,26.4
KMT003,"PasCityC	",24,24,24.6,25.3,26.4
KMT004,"PasCityC	",24,24,24.6,25.3,26.4
KMT005,"PasCityC	",24,24,24.6,25.3,26.4
KMT006,"PasCityC	",24,24,24.6,25.3,26.4
KMT007,"PasCityC	",24,24,24.6,25.3,26.4
KMT008,"PasCityC	",24,24,24.6,25.3,26.4
KMT009,"PasCityC	",24,24,24.6,25.3,26.4
KMT010,"PasCityC	",24,24,24.6,25.3,26.4
KMT011,"PasCityC	",24,24,24.6,25.3,26.4
KMT012,"PasCityC	",24,24,24.6,25.3,26.4
KMT013,"PasCityC	",24,24,24.6,25.3,26.4
KMT014,"PasCityC	",24,24,24.6,25.3,26.4
KMT015,"PasCityC	",24,24,24.6,25.3,26.4
KMT016,"PasCityC	",24,24,24.6,25.3,26.4
KMT017,"PasCityC	",24,24,24.6,25.3,26.4
KMT018,"PasCityC	",24,24,24.6,25.3,26.4
KMT019,"PasCityC	",24,24,24.6,25.3,26.4
KMT020,"PasCityC	",24,24,24.6,25.3,26.4
KMT021,"PasCityC	",24,24,24.6,25.3,26.4
KMT022,"PasCityC	",24,24,24.6,25.3,26.4
KMT023,"PasCityC	",24,24,24.6,25.3,26.4
KMT024,"PasCityC	",24,24,24.6,25.3,26.4
KMT025,"PasCityC	",24,24,24.6,25.3,26.4
KMT026,"PasCityC	",24,24,24.6,25.3,26.4
KMT027,"PasCityC	",24,24,24.6,25.3,26.4
KMT028,"PasCityC	",24,24,24.6,25.3,26.4
KMT029,"PasCityC	",24,24,24.6,25.3,26.4
KMT030,"PasCityC	",24,24,24.6,25.3,26.4
KMT031,"PasCityC	",24,24,24.6,25.3,26.4
KMT032,"PasCityC	",24,24,24.6,25.3,26.4
KMT033,"PasCityC	",24,24,24.6,25.3,26.4
KMT034,"PasCityC	",24,24,24.6,25.3,26.4
KMT035,"PasCityC	",24,24,24.6,25.3,26.4
KMT036,"PasCityC	",24,24,24.6,25.3,26.4
KMT037,"PasCityC	",24,24,24.6,25.3,26.4
KMT038,"PasCityC	",24,24,24.6,25.3,26.4
KMT039,"PasCityC	",24,24,24.6,25.3,26.4
KMT040,"PasCityC	",24,24,24.6,25.3,26.4
KMT041,"PasCityC	",24,24,24.6,25.3,26.4
KMT042,"PasCityC	",24,24,24.6,25.3,26.4
KMT043,"PasCityC	",24,24,24.6,25.3,26.4
KMT044,"PasCityC	",24,24,24.6,25.3,26.4
KMT045,"PasCityC	",24,24,24.6,25.3,26.4
KMT046,"PasCityC	",24,24,24.6,25.3,26.4
KMT047,"PasCityC	",24,24,24.6,25.3,26.4
KMT048,"PasCityC	",24,24,24.6,25.3,26.4
KMT049,"PasCityC	",24,24,24.6,25.3,26.4
KMT050,"PasCityC	",24,24,24.6,25.3,26.4
KMT051,"PasCityC	",24,24,24.6,25.3,26.4
KMT052,"PasCityC	",24,24,24.6,25.3,26.4
KMT053,"PasCityC	",24,24,24.6,25.3,26.4
KMT054,"PasCityC	",24,24,24.6,25.3,26.4
KMT055,"PasCityC	",24,24,24.6,25.3,26.4
KMT056,"PasCityC	",24,24,24.6,25.3,26.4
KMT057,"PasCityC	",24,24,24.6,25.3,26.4
KMT058,"PasCityC	",24,24,24.6,25.3,26.4
KMT059,"PasCityC	",24,24,24.6,25.3,26.4
KMT060,"PasCityC	",24,24,24.6,25.3,26.4
KMT061,"PasCityC	",24,24,24.6,25.3,26.4
KMT062,"PasCityC	",24,24,24.6,25.3,26.4
KMT063,"PasCityC	",24,24,24.6,25.3,26.4
KMT064,"PasCityC	",24,24,24.6,25.3,26.4
KMT065,"PasCityC	",24,24,24.6,25.3,26.4
KMT066,"PasCityC	",24,24,24.6,25.3,26.4
KMT067,"PasCityC	",24,24,24.6,25.3,26.4
KMT068,"PasCityC	",24,24,24.6,25.3,26.4
KMT069,"PasCityC	",24,24,24.6,25.3,26.4
KMT070,"PasCityC	",24,24,24.6,25.3,26.4
KMT071,"PasCityC	",24,24,24.6,25.3,26.4
KMT072,"PasCityC	",24,24,24.6,25.3,26.4
KMT073,"PasCityC	",24,24,24.6,25.3,26.4
KMT074,"PasCityC	",24,24,24.6,25.3,26.4
KMT075,"PasCityC	",24,24,24.6,25.3,26.4
KNZ0001,DD,34.8,35.9,36.5,38.4,
KNZ0002,DD,34.8,35.9,36.5,38.4,
KNZ0003,DD,34.8,35.9,36.5,38.4,
KNZ0004,DD,34.8,35.9,36.5,38.4,
KNZ0005,DD,34.8,35.9,36.5,38.4,
KNZ0006,DD,34.8,35.9,36.5,38.4,
KNZ0007,DD,34.8,35.9,36.5,38.4,
KNZ0008,DD,34.8,35.9,36.5,38.4,
KNZ0009,DD,34.8,35.9,36.5,38.4,
KNZ0010,DD,34.8,35.9,36.5,38.4,
KNZ0011,DD,34.8,35.9,36.5,38.4,
KNZ0012,DD,34.8,35.9,36.5,38.4,
KNZ0013,DD,34.8,35.9,36.5,38.4,
KNZ0014,DD,34.8,35.9,36.5,38.4,
KNZ0015,DD,34.8,35.9,36.5,38.4,
KNZ0016,DD,34.8,35.9,36.5,38.4,
KNZ0017,DD,34.8,35.9,36.5,38.4,
KNZ0018,DD,34.8,35.9,36.5,38.4,
KNZ0019,DD,34.8,35.9,36.5,38.4,
KNZ0020,DD,34.8,35.9,36.5,38.4,
KNZ0021,DD,34.8,35.9,36.5,38.4,
KNZ0022,DD,34.8,35.9,36.5,38.4,
KNZ0023,DD,34.8,35.9,36.5,38.4,
KNZ0024,DD,34.8,35.9,36.5,38.4,
KNZ0025,DD,34.8,35.9,36.5,38.4,
KNZ0026,DD,34.8,35.9,36.5,38.4,
KNZ0027,DD,34.8,35.9,36.5,38.4,
KNZ0028,DD,34.8,35.9,36.5,38.4,
KNZ0029,DD,34.8,35.9,36.5,38.4,
KNZ0030,DD,34.8,35.9,36.5,38.4,
KNZ0031,DD,34.8,35.9,36.5,38.4,
KNZ0032,DD,34.8,35.9,36.5,38.4,
KNZ0033,DD,34.8,35.9,36.5,38.4,
KNZ0034,DD,34.8,35.9,36.5,38.4,
KNZ0035,DD,34.8,35.9,36.5,38.4,
KNZ0036,DD,34.8,35.9,36.5,38.4,
KNZ0037,DD,34.8,35.9,36.5,38.4,
KNZ0038,DD,34.8,35.9,36.5,38.4,
KNZ0039,DD,34.8,35.9,36.5,38.4,
KNZ0040,DD,34.8,35.9,36.5,38.4,
KNZ0041,DD,34.8,35.9,36.5,38.4,
KNZ0042,DD,34.8,35.9,36.5,38.4,
KNZ0043,DD,34.8,35.9,36.5,38.4,
KNZ0044,DD,34.8,35.9,36.5,38.4,
KNZ0045,DD,34.8,35.9,36.5,38.4,
KNZ0046,DD,34.8,35.9,36.5,38.4,
KNZ0047,DD,34.8,35.9,36.5,38.4,
KNZ0048,DD,34.8,35.9,36.5,38.4,
KNZ0049,DD,34.8,35.9,36.5,38.4,
KNZ0050,DD,34.8,35.9,36.5,38.4,
KNZ0051,DD,34.8,35.9,36.5,38.4,
KNZ0052,DD,34.8,35.9,36.5,38.4,
KNZ0053,DD,34.8,35.9,36.5,38.4,
KNZ0054,DD,34.8,35.9,36.5,38.4,
KNZ0055,DD,34.8,35.9,36.5,38.4,
KNZ0056,DD,34.8,35.9,36.5,38.4,
KNZ0057,DD,34.8,35.9,36.5,38.4,
KNZ0058,DD,34.8,35.9,36.5,38.4,
KNZ0059,DD,34.8,35.9,36.5,38.4,
KNZ0060,DD,34.8,35.9,36.5,38.4,
KNZ0061,DD,34.8,35.9,36.5,38.4,
KNZ0062,DD,34.8,35.9,36.5,38.4,
KNZ0063,DD,34.8,35.9,36.5,38.4,
KNZ0064,DD,34.8,35.9,36.5,38.4,
KNZ0065,DD,34.8,35.9,36.5,38.4,
KNZ0066,DD,34.8,35.9,36.5,38.4,
KNZ0067,DD,34.8,35.9,36.5,38.4,
KNZ0068,DD,34.8,35.9,36.5,38.4,
KNZ0069,DD,34.8,35.9,36.5,38.4,
KNZ0070,DD,34.8,35.9,36.5,38.4,
KNZ0071,DD,34.8,35.9,36.5,38.4,
KNZ0072,DD,34.8,35.9,36.5,38.4,
KNZ0073,DD,34.8,35.9,36.5,38.4,
KNZ0074,DD,34.8,35.9,36.5,38.4,
KNZ0075,DD,34.8,35.9,36.5,38.4,
KNZ0076,DD,34.8,35.9,36.5,38.4,
KNZ0077,DD,34.8,35.9,36.5,38.4,
KNZ0078,DD,34.8,35.9,36.5,38.4,
KNZ0079,DD,34.8,35.9,36.5,38.4,
KNZ0080,DD,34.8,35.9,36.5,38.4,
KNZ0081,DD,34.8,35.9,36.5,38.4,
KNZ0082,DD,34.8,35.9,36.5,38.4,
KNZ0083,DD,34.8,35.9,36.5,38.4,
KNZ0084,DD,34.8,35.9,36.5,38.4,
KNZ0085,DD,34.8,35.9,36.5,38.4,
KNZ0086,DD,34.8,35.9,36.5,38.4,
KNZ0087,DD,34.8,35.9,36.5,38.4,
KNZ0088,DD,34.8,35.9,36.5,38.4,
KNZ0089,DD,34.8,35.9,36.5,38.4,
KNZ0090,DD,34.8,35.9,36.5,38.4,
KNZ0091,DD,34.8,35.9,36.5,38.4,
KNZ0092,DD,34.8,35.9,36.5,38.4,
KNZ0093,DD,34.8,35.9,36.5,38.4,
KNZ0094,DD,34.8,35.9,36.5,38.4,
KNZ0095,DD,34.8,35.9,36.5,38.4,
KNZ0096,DD,34.8,35.9,36.5,38.4,
KNZ0097,DD,34.8,35.9,36.5,38.4,
KNZ0098,DD,34.8,35.9,36.5,38.4,
KNZ0099,DD,34.8,35.9,36.5,38.4,
KNZ0100,DD,34.8,35.9,36.5,38.4,
KNZ0101,DD,34.8,35.9,36.5,38.4,
KNZ0102,DD,34.8,35.9,36.5,38.4,
KNZ0103,DD,34.8,35.9,36.5,38.4,
KNZ0104,DD,34.8,35.9,36.5,38.4,
KNZ0105,DD,34.8,35.9,36.5,38.4,
KNZ0106,DD,34.8,35.9,36.5,38.4,
KNZ0107,DD,34.8,35.9,36.5,38.4,
KNZ0108,DD,34.8,35.9,36.5,38.4,
KNZ0109,DD,34.8,35.9,36.5,38.4,
KNZ0110,DD,34.8,35.9,36.5,38.4,
KNZ0111,DD,34.8,35.9,36.5,38.4,
KNZ0112,DD,34.8,35.9,36.5,38.4,
KNZ0113,DD,34.8,35.9,36.5,38.4,
KNZ0114,DD,34.8,35.9,36.5,38.4,
KNZ0115,DD,34.8,35.9,36.5,38.4,
KNZ0116,DD,34.8,35.9,36.5,38.4,
KNZ0117,DD,34.8,35.9,36.5,38.4,
KNZ0118,DD,34.8,35.9,36.5,38.4,
KNZ0119,DD,34.8,35.9,36.5,38.4,
KNZ0120,DD,34.8,35.9,36.5,38.4,
KNZ0121,DD,34.8,35.9,36.5,38.4,
KNZ0122,DD,34.8,35.9,36.5,38.4,
KNZ0123,DD,34.8,35.9,36.5,38.4,
KNZ0124,DD,34.8,35.9,36.5,38.4,
KNZ0125,DD,34.8,35.9,36.5,38.4,
KNZ0126,DD,34.8,35.9,36.5,38.4,
KNZ0127,DD,34.8,35.9,36.5,38.4,
KNZ0128,DD,34.8,35.9,36.5,38.4,
KNZ0129,DD,34.8,35.9,36.5,38.4,
KNZ0130,DD,34.8,35.9,36.5,38.4,
KNZ0131,DD,34.8,35.9,36.5,38.4,
KNZ0132,DD,34.8,35.9,36.5,38.4,
KNZ0133,DD,34.8,35.9,36.5,38.4,
KNZ0134,DD,34.8,35.9,36.5,38.4,
KNZ0135,DD,34.8,35.9,36.5,38.4,
KNZ0136,DD,34.8,35.9,36.5,38.4,
KNZ0137,DD,34.8,35.9,36.5,38.4,
KNZ0138,DD,34.8,35.9,36.5,38.4,
KNZ0139,DD,34.8,35.9,36.5,38.4,
KNZ0140,DD,34.8,35.9,36.5,38.4,
KNZ0141,DD,34.8,35.9,36.5,38.4,
KNZ0142,DD,34.8,35.9,36.5,38.4,
KNZ0143,DD,34.8,35.9,36.5,38.4,
KNZ0144,DD,34.8,35.9,36.5,38.4,
KNZ0145,DD,34.8,35.9,36.5,38.4,
KNZ0146,DD,34.8,35.9,36.5,38.4,
KNZ0147,DD,34.8,35.9,36.5,38.4,
KNZ0148,DD,34.8,35.9,36.5,38.4,
KNZ0149,DD,34.8,35.9,36.5,38.4,
KNZ0150,DD,34.8,35.9,36.5,38.4,
KNZ0151,DD,34.8,35.9,36.5,38.4,
KNZ0152,DD,34.8,35.9,36.5,38.4,
KNZ0153,DD,34.8,35.9,36.5,38.4,
KNZ0154,DD,34.8,35.9,36.5,38.4,
KNZ0155,DD,34.8,35.9,36.5,38.4,
KNZ0156,DD,34.8,35.9,36.5,38.4,
KNZ0157,DD,34.8,35.9,36.5,38.4,
KNZ0158,DD,34.8,35.9,36.5,38.4,
KNZ0159,DD,34.8,35.9,36.5,38.4,
KNZ0160,DD,34.8,35.9,36.5,38.4,
KNZ0161,DD,34.8,35.9,36.5,38.4,
KNZ0162,DD,34.8,35.9,36.5,38.4,
KNZ0163,DD,34.8,35.9,36.5,38.4,
KNZ0164,DD,34.8,35.9,36.5,38.4,
KNZ0165,DD,34.8,35.9,36.5,38.4,
KNZ0166,DD,34.8,35.9,36.5,38.4,
KNZ0167,DD,34.8,35.9,36.5,38.4,
KNZ0168,DD,34.8,35.9,36.5,38.4,
KNZ0169,DD,34.8,35.9,36.5,38.4,
KNZ0170,DD,34.8,35.9,36.5,38.4,
KNZ0171,DD,34.8,35.9,36.5,38.4,
KNZ0172,DD,34.8,35.9,36.5,38.4,
KNZ0173,DD,34.8,35.9,36.5,38.4,
KNZ0174,DD,34.8,35.9,36.5,38.4,
KNZ0175,DD,34.8,35.9,36.5,38.4,
KNZ0176,DD,34.8,35.9,36.5,38.4,
KNZ0177,DD,34.8,35.9,36.5,38.4,
KNZ0178,DD,34.8,35.9,36.5,38.4,
KNZ0179,DD,34.8,35.9,36.5,38.4,
KNZ0180,DD,34.8,35.9,36.5,38.4,
KNZ0181,DD,34.8,35.9,36.5,38.4,
KNZ0182,DD,34.8,35.9,36.5,38.4,
KNZ0183,DD,34.8,35.9,36.5,38.4,
KNZ0184,DD,34.8,35.9,36.5,38.4,
KNZ0185,DD,34.8,35.9,36.5,38.4,
KNZ0186,DD,34.8,35.9,36.5,38.4,
KNZ0187,DD,34.8,35.9,36.5,38.4,
KNZ0188,DD,34.8,35.9,36.5,38.4,
KNZ0189,DD,34.8,35.9,36.5,38.4,
KNZ0190,DD,34.8,35.9,36.5,38.4,
KNZ0191,DD,34.8,35.9,36.5,38.4,
KNZ0192,DD,34.8,35.9,36.5,38.4,
KNZ0193,DD,34.8,35.9,36.5,38.4,
KNZ0194,DD,34.8,35.9,36.5,38.4,
KNZ0195,DD,34.8,35.9,36.5,38.4,
KNZ0196,DD,34.8,35.9,36.5,38.4,
KNZ0197,DD,34.8,35.9,36.5,38.4,
KNZ0198,DD,34.8,35.9,36.5,38.4,
KNZ0199,DD,34.8,35.9,36.5,38.4,
KNZ0200,DD,34.8,35.9,36.5,38.4,
KNZ0201,DD,34.8,35.9,36.5,38.4,
KNZ0202,DD,34.8,35.9,36.5,38.4,
KNZ0203,DD,34.8,35.9,36.5,38.4,
KNZ0204,DD,34.8,35.9,36.5,38.4,
KNZ0205,DD,34.8,35.9,36.5,38.4,
KNZ0206,DD,34.8,35.9,36.5,38.4,
KNZ0207,DD,34.8,35.9,36.5,38.4,
KNZ0208,DD,34.8,35.9,36.5,38.4,
KNZ0209,DD,34.8,35.9,36.5,38.4,
KNZ0210,DD,34.8,35.9,36.5,38.4,
KNZ0211,DD,34.8,35.9,36.5,38.4,
KNZ0212,DD,34.8,35.9,36.5,38.4,
KNZ0213,DD,34.8,35.9,36.5,38.4,
KNZ0214,DD,34.8,35.9,36.5,38.4,
KNZ0215,DD,34.8,35.9,36.5,38.4,
KNZ0216,DD,34.8,35.9,36.5,38.4,
KNZ0217,DD,34.8,35.9,36.5,38.4,
KNZ0218,DD,34.8,35.9,36.5,38.4,
KNZ0219,DD,34.8,35.9,36.5,38.4,
KNZ0220,DD,34.8,35.9,36.5,38.4,
KNZ0221,DD,34.8,35.9,36.5,38.4,
KNZ0222,DD,34.8,35.9,36.5,38.4,
KNZ0223,DD,34.8,35.9,36.5,38.4,
KNZ0224,DD,34.8,35.9,36.5,38.4,
KNZ0225,DD,34.8,35.9,36.5,38.4,
KNZ0226,DD,34.8,35.9,36.5,38.4,
KNZ0227,DD,34.8,35.9,36.5,38.4,
KNZ0228,DD,34.8,35.9,36.5,38.4,
KNZ0229,DD,34.8,35.9,36.5,38.4,
KNZ0230,DD,34.8,35.9,36.5,38.4,
KNZ0231,DD,34.8,35.9,36.5,38.4,
KNZ0232,DD,34.8,35.9,36.5,38.4,
KNZ0233,DD,34.8,35.9,36.5,38.4,
KNZ0234,DD,34.8,35.9,36.5,38.4,
KNZ0235,DD,34.8,35.9,36.5,38.4,
KNZ0236,DD,34.8,35.9,36.5,38.4,
KNZ0237,DD,34.8,35.9,36.5,38.4,
KNZ0238,DD,34.8,35.9,36.5,38.4,
KNZ0239,DD,34.8,35.9,36.5,38.4,
KNZ0240,DD,34.8,35.9,36.5,38.4,
KNZ0241,DD,34.8,35.9,36.5,38.4,
KNZ0242,DD,34.8,35.9,36.5,38.4,
KNZ0243,DD,34.8,35.9,36.5,38.4,
KNZ0244,DD,34.8,35.9,36.5,38.4,
KNZ0245,DD,34.8,35.9,36.5,38.4,
KNZ0246,DD,34.8,35.9,36.5,38.4,
KNZ0247,DD,34.8,35.9,36.5,38.4,
KNZ0248,DD,34.8,35.9,36.5,38.4,
KNZ0249,DD,34.8,35.9,36.5,38.4,
KNZ0250,DD,34.8,35.9,36.5,38.4,
KNZ0251,DD,34.8,35.9,36.5,38.4,
KNZ0252,DD,34.8,35.9,36.5,38.4,
KNZ0253,DD,34.8,35.9,36.5,38.4,
KNZ0254,DD,34.8,35.9,36.5,38.4,
KNZ0255,DD,34.8,35.9,36.5,38.4,
KNZ0256,DD,34.8,35.9,36.5,38.4,
KNZ0257,DD,34.8,35.9,36.5,38.4,
KNZ0258,DD,34.8,35.9,36.5,38.4,
KNZ0259,DD,34.8,35.9,36.5,38.4,
KNZ0260,DD,34.8,35.9,36.5,38.4,
KNZ0261,DD,34.8,35.9,36.5,38.4,
KNZ0262,DD,34.8,35.9,36.5,38.4,
KNZ0263,DD,34.8,35.9,36.5,38.4,
KNZ0264,DD,34.8,35.9,36.5,38.4,
KNZ0265,DD,34.8,35.9,36.5,38.4,
KNZ0266,DD,34.8,35.9,36.5,38.4,
KNZ0267,DD,34.8,35.9,36.5,38.4,
KNZ0268,DD,34.8,35.9,36.5,38.4,
KNZ0269,DD,34.8,35.9,36.5,38.4,
KNZ0270,DD,34.8,35.9,36.5,38.4,
KNZ0271,DD,34.8,35.9,36.5,38.4,
KNZ0272,DD,34.8,35.9,36.5,38.4,
KNZ0273,DD,34.8,35.9,36.5,38.4,
KNZ0274,DD,34.8,35.9,36.5,38.4,
KNZ0275,DD,34.8,35.9,36.5,38.4,
KNZ0276,DD,34.8,35.9,36.5,38.4,
KNZ0277,DD,34.8,35.9,36.5,38.4,
KNZ0278,DD,34.8,35.9,36.5,38.4,
KNZ0279,DD,34.8,35.9,36.5,38.4,
KNZ0280,DD,34.8,35.9,36.5,38.4,
KNZ0281,DD,34.8,35.9,36.5,38.4,
KNZ0282,DD,34.8,35.9,36.5,38.4,
KNZ0283,DD,34.8,35.9,36.5,38.4,
KNZ0284,DD,34.8,35.9,36.5,38.4,
KNZ0285,DD,34.8,35.9,36.5,38.4,
KNZ0286,DD,34.8,35.9,36.5,38.4,
KNZ0287,DD,34.8,35.9,36.5,38.4,
KNZ0288,DD,34.8,35.9,36.5,38.4,
KNZ0289,DD,34.8,35.9,36.5,38.4,
KNZ0290,DD,34.8,35.9,36.5,38.4,
KNZ0291,DD,34.8,35.9,36.5,38.4,
KNZ0292,DD,34.8,35.9,36.5,38.4,
KNZ0293,DD,34.8,35.9,36.5,38.4,
KNZ0294,DD,34.8,35.9,36.5,38.4,
KNZ0295,DD,34.8,35.9,36.5,38.4,
KNZ0296,DD,34.8,35.9,36.5,38.4,
KNZ0297,DD,34.8,35.9,36.5,38.4,
KNZ0298,DD,34.8,35.9,36.5,38.4,
KNZ0299,DD,34.8,35.9,36.5,38.4,
KNZ0300,DD,34.8,35.9,36.5,38.4,
KNZ0301,DD,34.8,35.9,36.5,38.4,
KNZ0302,DD,34.8,35.9,36.5,38.4,
KNZ0303,DD,34.8,35.9,36.5,38.4,
KNZ0304,DD,34.8,35.9,36.5,38.4,
KNZ0305,DD,34.8,35.9,36.5,38.4,
KNZ0306,DD,34.8,35.9,36.5,38.4,
KNZ0307,DD,34.8,35.9,36.5,38.4,
KNZ0308,DD,34.8,35.9,36.5,38.4,
KNZ0309,DD,34.8,35.9,36.5,38.4,
KNZ0310,DD,34.8,35.9,36.5,38.4,
KNZ0311,DD,34.8,35.9,36.5,38.4,
KNZ0312,DD,34.8,35.9,36.5,38.4,
KNZ0313,DD,34.8,35.9,36.5,38.4,
KNZ0314,DD,34.8,35.9,36.5,38.4,
KNZ0315,DD,34.8,35.9,36.5,38.4,
KNZ0316,DD,34.8,35.9,36.5,38.4,
KNZ0317,DD,34.8,35.9,36.5,38.4,
KNZ0318,DD,34.8,35.9,36.5,38.4,
KNZ0319,DD,34.8,35.9,36.5,38.4,
KNZ0320,DD,34.8,35.9,36.5,38.4,
KNZ0321,DD,34.8,35.9,36.5,38.4,
KNZ0322,DD,34.8,35.9,36.5,38.4,
KNZ0323,DD,34.8,35.9,36.5,38.4,
KNZ0324,DD,34.8,35.9,36.5,38.4,
KNZ0325,DD,34.8,35.9,36.5,38.4,
KNZ0326,DD,34.8,35.9,36.5,38.4,
KNZ0327,DD,34.8,35.9,36.5,38.4,
KNZ0328,DD,34.8,35.9,36.5,38.4,
KNZ0329,DD,34.8,35.9,36.5,38.4,
KNZ0330,DD,34.8,35.9,36.5,38.4,
KNZ0331,DD,34.8,35.9,36.5,38.4,
KNZ0332,DD,34.8,35.9,36.5,38.4,
KNZ0333,DD,34.8,35.9,36.5,38.4,
KNZ0334,DD,34.8,35.9,36.5,38.4,
KNZ0335,DD,34.8,35.9,36.5,38.4,
KNZ0336,DD,34.8,35.9,36.5,38.4,
KNZ0337,DD,34.8,35.9,36.5,38.4,
KNZ0338,DD,34.8,35.9,36.5,38.4,
KNZ0339,DD,34.8,35.9,36.5,38.4,
KNZ0340,DD,34.8,35.9,36.5,38.4,
KNZ0341,DD,34.8,35.9,36.5,38.4,
KNZ0342,DD,34.8,35.9,36.5,38.4,
KNZ0343,DD,34.8,35.9,36.5,38.4,
KNZ0344,DD,34.8,35.9,36.5,38.4,
KNZ0345,DD,34.8,35.9,36.5,38.4,
KNZ0346,DD,34.8,35.9,36.5,38.4,
KNZ0347,DD,34.8,35.9,36.5,38.4,
KNZ0348,DD,34.8,35.9,36.5,38.4,
KNZ0349,DD,34.8,35.9,36.5,38.4,
KNZ0350,DD,34.8,35.9,36.5,38.4,
KNZ0351,DD,34.8,35.9,36.5,38.4,
KNZ0352,DD,34.8,35.9,36.5,38.4,
KNZ0353,DD,34.8,35.9,36.5,38.4,
KNZ0354,DD,34.8,35.9,36.5,38.4,
KNZ0355,DD,34.8,35.9,36.5,38.4,
KNZ0356,DD,34.8,35.9,36.5,38.4,
KNZ0357,DD,34.8,35.9,36.5,38.4,
KNZ0358,DD,34.8,35.9,36.5,38.4,
KNZ0359,DD,34.8,35.9,36.5,38.4,
KNZ0360,DD,34.8,35.9,36.5,38.4,
KNZ0361,DD,34.8,35.9,36.5,38.4,
KNZ0362,DD,34.8,35.9,36.5,38.4,
KNZ0363,DD,34.8,35.9,36.5,38.4,
KNZ0364,DD,34.8,35.9,36.5,38.4,
KNZ0365,DD,34.8,35.9,36.5,38.4,
KNZ0366,DD,34.8,35.9,36.5,38.4,
KNZ0367,DD,34.8,35.9,36.5,38.4,
KNZ0368,DD,34.8,35.9,36.5,38.4,
KNZ0369,DD,34.8,35.9,36.5,38.4,
KNZ0370,DD,34.8,35.9,36.5,38.4,
KNZ0371,DD,34.8,35.9,36.5,38.4,
KNZ0372,DD,34.8,35.9,36.5,38.4,
KNZ0373,DD,34.8,35.9,36.5,38.4,
KNZ0374,DD,34.8,35.9,36.5,38.4,
KNZ0375,DD,34.8,35.9,36.5,38.4,
KNZ0376,DD,34.8,35.9,36.5,38.4,
KNZ0377,DD,34.8,35.9,36.5,38.4,
KNZ0378,DD,34.8,35.9,36.5,38.4,
KNZ0379,DD,34.8,35.9,36.5,38.4,
KNZ0380,DD,34.8,35.9,36.5,38.4,
KNZ0381,DD,34.8,35.9,36.5,38.4,
KNZ0382,DD,34.8,35.9,36.5,38.4,
KNZ0383,DD,34.8,35.9,36.5,38.4,
KNZ0384,DD,34.8,35.9,36.5,38.4,
KNZ0385,DD,34.8,35.9,36.5,38.4,
KNZ0386,DD,34.8,35.9,36.5,38.4,
KNZ0387,DD,34.8,35.9,36.5,38.4,
KNZ0388,DD,34.8,35.9,36.5,38.4,
KNZ0389,DD,34.8,35.9,36.5,38.4,
KNZ0390,DD,34.8,35.9,36.5,38.4,
KNZ0391,DD,34.8,35.9,36.5,38.4,
KNZ0392,DD,34.8,35.9,36.5,38.4,
KNZ0393,DD,34.8,35.9,36.5,38.4,
KNZ0394,DD,34.8,35.9,36.5,38.4,
KNZ0395,DD,34.8,35.9,36.5,38.4,
KNZ0396,DD,34.8,35.9,36.5,38.4,
KNZ0397,DD,34.8,35.9,36.5,38.4,
KNZ0398,DD,34.8,35.9,36.5,38.4,
KNZ0399,DD,34.8,35.9,36.5,38.4,
KNZ0400,DD,34.8,35.9,36.5,38.4,
KNZ0401,DD,34.8,35.9,36.5,38.4,
KNZ0402,DD,34.8,35.9,36.5,38.4,
KNZ0403,DD,34.8,35.9,36.5,38.4,
KNZ0404,DD,34.8,35.9,36.5,38.4,
KNZ0405,DD,34.8,35.9,36.5,38.4,
KNZ0406,DD,34.8,35.9,36.5,38.4,
KNZ0407,DD,34.8,35.9,36.5,38.4,
KNZ0408,DD,34.8,35.9,36.5,38.4,
KNZ0409,DD,34.8,35.9,36.5,38.4,
KNZ0410,DD,34.8,35.9,36.5,38.4,
KNZ0411,DD,34.8,35.9,36.5,38.4,
KNZ0412,DD,34.8,35.9,36.5,38.4,
KNZ0413,DD,34.8,35.9,36.5,38.4,
KNZ0414,DD,34.8,35.9,36.5,38.4,
KNZ0415,DD,34.8,35.9,36.5,38.4,
KNZ0416,DD,34.8,35.9,36.5,38.4,
KNZ0417,DD,34.8,35.9,36.5,38.4,
KNZ0418,DD,34.8,35.9,36.5,38.4,
KNZ0419,DD,34.8,35.9,36.5,38.4,
KNZ0420,DD,34.8,35.9,36.5,38.4,
KNZ0421,DD,34.8,35.9,36.5,38.4,
KNZ0422,DD,34.8,35.9,36.5,38.4,
KNZ0423,DD,34.8,35.9,36.5,38.4,
KNZ0424,DD,34.8,35.9,36.5,38.4,
KNZ0425,DD,34.8,35.9,36.5,38.4,
KNZ0426,DD,34.8,35.9,36.5,38.4,
KNZ0427,DD,34.8,35.9,36.5,38.4,
KNZ0428,DD,34.8,35.9,36.5,38.4,
KNZ0429,DD,34.8,35.9,36.5,38.4,
KNZ0430,DD,34.8,35.9,36.5,38.4,
KNZ0431,DD,34.8,35.9,36.5,38.4,
KNZ0432,DD,34.8,35.9,36.5,38.4,
KNZ0433,DD,34.8,35.9,36.5,38.4,
KNZ0434,DD,34.8,35.9,36.5,38.4,
KNZ0435,DD,34.8,35.9,36.5,38.4,
KNZ0436,DD,34.8,35.9,36.5,38.4,
KNZ0437,DD,34.8,35.9,36.5,38.4,
KNZ0438,DD,34.8,35.9,36.5,38.4,
KNZ0439,DD,34.8,35.9,36.5,38.4,
KNZ0440,DD,34.8,35.9,36.5,38.4,
KNZ0441,DD,34.8,35.9,36.5,38.4,
KNZ0442,DD,34.8,35.9,36.5,38.4,
KNZ0443,DD,34.8,35.9,36.5,38.4,
KNZ0444,DD,34.8,35.9,36.5,38.4,
KNZ0445,DD,34.8,35.9,36.5,38.4,
KNZ0446,DD,34.8,35.9,36.5,38.4,
KNZ0447,DD,34.8,35.9,36.5,38.4,
KNZ0448,DD,34.8,35.9,36.5,38.4,
KNZ0449,DD,34.8,35.9,36.5,38.4,
KNZ0450,DD,34.8,35.9,36.5,38.4,
KNZ0451,DD,34.8,35.9,36.5,38.4,
KNZ0452,DD,34.8,35.9,36.5,38.4,
KNZ0453,DD,34.8,35.9,36.5,38.4,
KNZ0454,DD,34.8,35.9,36.5,38.4,
KNZ0455,DD,34.8,35.9,36.5,38.4,
KNZ0456,DD,34.8,35.9,36.5,38.4,
KNZ0457,DD,34.8,35.9,36.5,38.4,
KNZ0458,DD,34.8,35.9,36.5,38.4,
KNZ0459,DD,34.8,35.9,36.5,38.4,
KNZ0460,DD,34.8,35.9,36.5,38.4,
KNZ0461,DD,34.8,35.9,36.5,38.4,
KNZ0462,DD,34.8,35.9,36.5,38.4,
KNZ0463,DD,34.8,35.9,36.5,38.4,
KNZ0464,DD,34.8,35.9,36.5,38.4,
KNZ0465,DD,34.8,35.9,36.5,38.4,
KNZ0466,DD,34.8,35.9,36.5,38.4,
KNZ0467,DD,34.8,35.9,36.5,38.4,
KNZ0468,DD,34.8,35.9,36.5,38.4,
KNZ0469,DD,34.8,35.9,36.5,38.4,
KNZ0470,DD,34.8,35.9,36.5,38.4,
KNZ0471,DD,34.8,35.9,36.5,38.4,
KNZ0472,DD,34.8,35.9,36.5,38.4,
KNZ0473,DD,34.8,35.9,36.5,38.4,
KNZ0474,DD,34.8,35.9,36.5,38.4,
KNZ0475,DD,34.8,35.9,36.5,38.4,
KNZ0476,DD,34.8,35.9,36.5,38.4,
KNZ0477,DD,34.8,35.9,36.5,38.4,
KNZ0478,DD,34.8,35.9,36.5,38.4,
KNZ0479,DD,34.8,35.9,36.5,38.4,
KNZ0480,DD,34.8,35.9,36.5,38.4,
KNZ0481,DD,34.8,35.9,36.5,38.4,
KNZ0482,DD,34.8,35.9,36.5,38.4,
KNZ0483,DD,34.8,35.9,36.5,38.4,
KNZ0484,DD,34.8,35.9,36.5,38.4,
KNZ0485,DD,34.8,35.9,36.5,38.4,
KNZ0486,DD,34.8,35.9,36.5,38.4,
KNZ0487,DD,34.8,35.9,36.5,38.4,
KNZ0488,DD,34.8,35.9,36.5,38.4,
KNZ0489,DD,34.8,35.9,36.5,38.4,
KNZ0490,DD,34.8,35.9,36.5,38.4,
KNZ0491,DD,34.8,35.9,36.5,38.4,
KNZ0492,DD,34.8,35.9,36.5,38.4,
KNZ0493,DD,34.8,35.9,36.5,38.4,
KNZ0494,DD,34.8,35.9,36.5,38.4,
KNZ0495,DD,34.8,35.9,36.5,38.4,
KNZ0496,DD,34.8,35.9,36.5,38.4,
KNZ0497,DD,34.8,35.9,36.5,38.4,
KNZ0498,DD,34.8,35.9,36.5,38.4,
KNZ0499,DD,34.8,35.9,36.5,38.4,
KNZ0500,DD,34.8,35.9,36.5,38.4,
KNZ0501,グリッター・EB,23.9,25.2,25.9,27.9,
KNZ0502,グリッター・EB,23.9,25.2,25.9,27.9,
KNZ0503,グリッター・EB,23.9,25.2,25.9,27.9,
KNZ0504,グリッター・EB,23.9,25.2,25.9,27.9,
KNZ0505,グリッター・EB,23.9,25.2,25.9,27.9,
KNZ0506,グリッター・EB,23.9,25.2,25.9,27.9,
KNZ0507,グリッター・EB,23.9,25.2,25.9,27.9,
KNZ0508,グリッター・EB,23.9,25.2,25.9,27.9,
KNZ0509,グリッター・EB,23.9,25.2,25.9,27.9,
KNZ0510,グリッター・EB,23.9,25.2,25.9,27.9,
KNZ0511,グリッター・EB,23.9,25.2,25.9,27.9,
KNZ0512,グリッター・EB,23.9,25.2,25.9,27.9,
KNZ0513,グリッター・EB,23.9,25.2,25.9,27.9,
KNZ0514,グリッター・EB,23.9,25.2,25.9,27.9,
KNZ0515,グリッター・EB,23.9,25.2,25.9,27.9,
KNZ0516,グリッター・EB,23.9,25.2,25.9,27.9,
KNZ0517,グリッター・EB,23.9,25.2,25.9,27.9,
KNZ0518,グリッター・EB,23.9,25.2,25.9,27.9,
KNZ0519,グリッター・EB,23.9,25.2,25.9,27.9,
KNZ0520,グリッター・EB,23.9,25.2,25.9,27.9,
KNZ0521,グリッター・EB,23.9,25.2,25.9,27.9,
KNZ0522,グリッター・EB,23.9,25.2,25.9,27.9,
KNZ0523,グリッター・EB,23.9,25.2,25.9,27.9,
KNZ0524,グリッター・EB,23.9,25.2,25.9,27.9,
KNZ0525,グリッター・EB,23.9,25.2,25.9,27.9,
KNZ0526,グリッター・EB,23.9,25.2,25.9,27.9,
KNZ0527,グリッター・EB,23.9,25.2,25.9,27.9,
KNZ0528,グリッター・EB,23.9,25.2,25.9,27.9,
KNZ0529,グリッター・EB,23.9,25.2,25.9,27.9,
KNZ0530,グリッター・EB,23.9,25.2,25.9,27.9,
KNZ0531,グリッター・EB,23.9,25.2,25.9,27.9,
KNZ0532,グリッター・EB,23.9,25.2,25.9,27.9,
KNZ0533,グリッター・EB,23.9,25.2,25.9,27.9,
KNZ0534,グリッター・EB,23.9,25.2,25.9,27.9,
KNZ0535,グリッター・EB,23.9,25.2,25.9,27.9,
KNZ0536,グリッター・EB,23.9,25.2,25.9,27.9,
KNZ0537,グリッター・EB,23.9,25.2,25.9,27.9,
KNZ0538,グリッター・EB,23.9,25.2,25.9,27.9,
KNZ0539,グリッター・EB,23.9,25.2,25.9,27.9,
KNZ0540,グリッター・EB,23.9,25.2,25.9,27.9,
KNZ0541,グリッター・EB,23.9,25.2,25.9,27.9,
KNZ0542,グリッター・EB,23.9,25.2,25.9,27.9,
KNZ0543,グリッター・EB,23.9,25.2,25.9,27.9,
KNZ0544,グリッター・EB,23.9,25.2,25.9,27.9,
KNZ0545,グリッター・EB,23.9,25.2,25.9,27.9,
KNZ0546,グリッター・EB,23.9,25.2,25.9,27.9,
KNZ0547,グリッター・EB,23.9,25.2,25.9,27.9,
KNZ0548,グリッター・EB,23.9,25.2,25.9,27.9,
KNZ0549,グリッター・EB,23.9,25.2,25.9,27.9,
KNZ0550,グリッター・EB,23.9,25.2,25.9,27.9,
KNZ0551,グリッター・EB,23.9,25.2,25.9,27.9,
KNZ0552,グリッター・EB,23.9,25.2,25.9,27.9,
KNZ0553,グリッター・EB,23.9,25.2,25.9,27.9,
KNZ0554,グリッター・EB,23.9,25.2,25.9,27.9,
KNZ0555,グリッター・EB,23.9,25.2,25.9,27.9,
KNZ0556,グリッター・EB,23.9,25.2,25.9,27.9,
KNZ0557,グリッター・EB,23.9,25.2,25.9,27.9,
KNZ0558,グリッター・EB,23.9,25.2,25.9,27.9,
KNZ0559,グリッター・EB,23.9,25.2,25.9,27.9,
KNZ0560,グリッター・EB,23.9,25.2,25.9,27.9,
KNZ0561,グリッター・EB,23.9,25.2,25.9,27.9,
KNZ0562,グリッター・EB,23.9,25.2,25.9,27.9,
KNZ0563,グリッター・EB,23.9,25.2,25.9,27.9,
KNZ0564,グリッター・EB,23.9,25.2,25.9,27.9,
KNZ0565,グリッター・EB,23.9,25.2,25.9,27.9,
KNZ0566,グリッター・EB,23.9,25.2,25.9,27.9,
KNZ0567,グリッター・EB,23.9,25.2,25.9,27.9,
KNZ0568,グリッター・EB,23.9,25.2,25.9,27.9,
KNZ0569,グリッター・EB,23.9,25.2,25.9,27.9,
KNZ0570,グリッター・EB,23.9,25.2,25.9,27.9,
KNZ0571,グリッター・EB,23.9,25.2,25.9,27.9,
KNZ0572,グリッター・EB,23.9,25.2,25.9,27.9,
KNZ0573,グリッター・EB,23.9,25.2,25.9,27.9,
KNZ0574,グリッター・EB,23.9,25.2,25.9,27.9,
KNZ0575,グリッター・EB,23.9,25.2,25.9,27.9,
KNZ0576,グリッター・EB,23.9,25.2,25.9,27.9,
KNZ0577,グリッター・EB,23.9,25.2,25.9,27.9,
KNZ0578,グリッター・EB,23.9,25.2,25.9,27.9,
KNZ0579,グリッター・EB,23.9,25.2,25.9,27.9,
KNZ0580,グリッター・EB,23.9,25.2,25.9,27.9,
KNZ0581,グリッター・EB,23.9,25.2,25.9,27.9,
KNZ0582,グリッター・EB,23.9,25.2,25.9,27.9,
KNZ0583,グリッター・EB,23.9,25.2,25.9,27.9,
KNZ0584,グリッター・EB,23.9,25.2,25.9,27.9,
KNZ0585,グリッター・EB,23.9,25.2,25.9,27.9,
KNZ0586,グリッター・EB,23.9,25.2,25.9,27.9,
KNZ0587,グリッター・EB,23.9,25.2,25.9,27.9,
KNZ0588,グリッター・EB,23.9,25.2,25.9,27.9,
KNZ0589,グリッター・EB,23.9,25.2,25.9,27.9,
KNZ0590,グリッター・EB,23.9,25.2,25.9,27.9,
KNZ0591,グリッター・EB,23.9,25.2,25.9,27.9,
KNZ0592,グリッター・EB,23.9,25.2,25.9,27.9,
KNZ0593,グリッター・EB,23.9,25.2,25.9,27.9,
KNZ0594,グリッター・EB,23.9,25.2,25.9,27.9,
KNZ0595,グリッター・EB,23.9,25.2,25.9,27.9,
KNZ0596,グリッター・EB,23.9,25.2,25.9,27.9,
KNZ0597,グリッター・EB,23.9,25.2,25.9,27.9,
KNZ0598,グリッター・EB,23.9,25.2,25.9,27.9,
KNZ0599,グリッター・EB,23.9,25.2,25.9,27.9,
KNZ0600,グリッター・EB,23.9,25.2,25.9,27.9,
KNZ0601,グリッター・EB,23.9,25.2,25.9,27.9,
KNZ0602,グリッター・EB,23.9,25.2,25.9,27.9,
KNZ0603,グリッター・EB,23.9,25.2,25.9,27.9,
KNZ0604,グリッター・EB,23.9,25.2,25.9,27.9,
KNZ0605,グリッター・EB,23.9,25.2,25.9,27.9,
KNZ0606,グリッター・EB,23.9,25.2,25.9,27.9,
KNZ0607,グリッター・EB,23.9,25.2,25.9,27.9,
KNZ0608,グリッター・EB,23.9,25.2,25.9,27.9,
KNZ0609,グリッター・EB,23.9,25.2,25.9,27.9,
KNZ0610,グリッター・EB,23.9,25.2,25.9,27.9,
KNZ0611,グリッター・EB,23.9,25.2,25.9,27.9,
KNZ0612,グリッター・EB,23.9,25.2,25.9,27.9,
KNZ0613,グリッター・EB,23.9,25.2,25.9,27.9,
KNZ0614,グリッター・EB,23.9,25.2,25.9,27.9,
KNZ0615,グリッター・EB,23.9,25.2,25.9,27.9,
KNZ0616,グリッター・EB,23.9,25.2,25.9,27.9,
KNZ0617,グリッター・EB,23.9,25.2,25.9,27.9,
KNZ0618,グリッター・EB,23.9,25.2,25.9,27.9,
KNZ0619,グリッター・EB,23.9,25.2,25.9,27.9,
KNZ0620,グリッター・EB,23.9,25.2,25.9,27.9,
KNZ0621,グリッター・EB,23.9,25.2,25.9,27.9,
KNZ0622,グリッター・EB,23.9,25.2,25.9,27.9,
KNZ0623,グリッター・EB,23.9,25.2,25.9,27.9,
KNZ0624,グリッター・EB,23.9,25.2,25.9,27.9,
KNZ0625,グリッター・EB,23.9,25.2,25.9,27.9,
KNZ0626,グリッター・EB,23.9,25.2,25.9,27.9,
KNZ0627,グリッター・EB,23.9,25.2,25.9,27.9,
KNZ0628,グリッター・EB,23.9,25.2,25.9,27.9,
KNZ0629,グリッター・EB,23.9,25.2,25.9,27.9,
KNZ0630,グリッター・EB,23.9,25.2,25.9,27.9,
KNZ0631,グリッター・EB,23.9,25.2,25.9,27.9,
KNZ0632,グリッター・EB,23.9,25.2,25.9,27.9,
KNZ0633,グリッター・EB,23.9,25.2,25.9,27.9,
KNZ0634,グリッター・EB,23.9,25.2,25.9,27.9,
KNZ0635,グリッター・EB,23.9,25.2,25.9,27.9,
KNZ0636,グリッター・EB,23.9,25.2,25.9,27.9,
KNZ0637,グリッター・EB,23.9,25.2,25.9,27.9,
KNZ0638,グリッター・EB,23.9,25.2,25.9,27.9,
KNZ0639,グリッター・EB,23.9,25.2,25.9,27.9,
KNZ0640,グリッター・EB,23.9,25.2,25.9,27.9,
KNZ0641,グリッター・EB,23.9,25.2,25.9,27.9,
KNZ0642,グリッター・EB,23.9,25.2,25.9,27.9,
KNZ0643,グリッター・EB,23.9,25.2,25.9,27.9,
KNZ0644,グリッター・EB,23.9,25.2,25.9,27.9,
KNZ0645,グリッター・EB,23.9,25.2,25.9,27.9,
KNZ0646,グリッター・EB,23.9,25.2,25.9,27.9,
KNZ0647,グリッター・EB,23.9,25.2,25.9,27.9,
KNZ0648,グリッター・EB,23.9,25.2,25.9,27.9,
KNZ0649,グリッター・EB,23.9,25.2,25.9,27.9,
KNZ0650,グリッター・EB,23.9,25.2,25.9,27.9,
KNZ0651,グリッター・EB,23.9,25.2,25.9,27.9,
KNZ0652,グリッター・EB,23.9,25.2,25.9,27.9,
KNZ0653,グリッター・EB,23.9,25.2,25.9,27.9,
KNZ0654,グリッター・EB,23.9,25.2,25.9,27.9,
KNZ0655,グリッター・EB,23.9,25.2,25.9,27.9,
KNZ0656,グリッター・EB,23.9,25.2,25.9,27.9,
KNZ0657,グリッター・EB,23.9,25.2,25.9,27.9,
KNZ0658,グリッター・EB,23.9,25.2,25.9,27.9,
KNZ0659,グリッター・EB,23.9,25.2,25.9,27.9,
KNZ0660,グリッター・EB,23.9,25.2,25.9,27.9,
KNZ0661,グリッター・EB,23.9,25.2,25.9,27.9,
KNZ0662,グリッター・EB,23.9,25.2,25.9,27.9,
KNZ0663,グリッター・EB,23.9,25.2,25.9,27.9,
KNZ0664,グリッター・EB,23.9,25.2,25.9,27.9,
KNZ0665,グリッター・EB,23.9,25.2,25.9,27.9,
KNZ0666,グリッター・EB,23.9,25.2,25.9,27.9,
KNZ0667,グリッター・EB,23.9,25.2,25.9,27.9,
KNZ0668,グリッター・EB,23.9,25.2,25.9,27.9,
KNZ0669,グリッター・EB,23.9,25.2,25.9,27.9,
KNZ0670,グリッター・EB,23.9,25.2,25.9,27.9,
KNZ0671,グリッター・EB,23.9,25.2,25.9,27.9,
KNZ0672,グリッター・EB,23.9,25.2,25.9,27.9,
KNZ0673,グリッター・EB,23.9,25.2,25.9,27.9,
KNZ0674,グリッター・EB,23.9,25.2,25.9,27.9,
KNZ0675,グリッター・EB,23.9,25.2,25.9,27.9,
KNZ0676,グリッター・EB,23.9,25.2,25.9,27.9,
KNZ0677,グリッター・EB,23.9,25.2,25.9,27.9,
KNZ0678,グリッター・EB,23.9,25.2,25.9,27.9,
KNZ0679,グリッター・EB,23.9,25.2,25.9,27.9,
KNZ0680,グリッター・EB,23.9,25.2,25.9,27.9,
KNZ0681,グリッター・EB,23.9,25.2,25.9,27.9,
KNZ0682,グリッター・EB,23.9,25.2,25.9,27.9,
KNZ0683,グリッター・EB,23.9,25.2,25.9,27.9,
KNZ0684,グリッター・EB,23.9,25.2,25.9,27.9,
KNZ0685,グリッター・EB,23.9,25.2,25.9,27.9,
KNZ0686,グリッター・EB,23.9,25.2,25.9,27.9,
KNZ0687,グリッター・EB,23.9,25.2,25.9,27.9,
KNZ0688,グリッター・EB,23.9,25.2,25.9,27.9,
KNZ0689,グリッター・EB,23.9,25.2,25.9,27.9,
KNZ0690,グリッター・EB,23.9,25.2,25.9,27.9,
KNZ0691,グリッター・EB,23.9,25.2,25.9,27.9,
KNZ0692,グリッター・EB,23.9,25.2,25.9,27.9,
KNZ0693,グリッター・EB,23.9,25.2,25.9,27.9,
KNZ0694,グリッター・EB,23.9,25.2,25.9,27.9,
KNZ0695,グリッター・EB,23.9,25.2,25.9,27.9,
KNZ0696,グリッター・EB,23.9,25.2,25.9,27.9,
KNZ0697,グリッター・EB,23.9,25.2,25.9,27.9,
KNZ0698,グリッター・EB,23.9,25.2,25.9,27.9,
KNZ0699,グリッター・EB,23.9,25.2,25.9,27.9,
KNZ0700,グリッター・EB,23.9,25.2,25.9,27.9,
KNZ0701,グリッター・EB,23.9,25.2,25.9,27.9,
KNZ0702,グリッター・EB,23.9,25.2,25.9,27.9,
KNZ0703,グリッター・EB,23.9,25.2,25.9,27.9,
KNZ0704,グリッター・EB,23.9,25.2,25.9,27.9,
KNZ0705,グリッター・EB,23.9,25.2,25.9,27.9,
KNZ0706,グリッター・EB,23.9,25.2,25.9,27.9,
KNZ0707,グリッター・EB,23.9,25.2,25.9,27.9,
KNZ0708,グリッター・EB,23.9,25.2,25.9,27.9,
KNZ0709,グリッター・EB,23.9,25.2,25.9,27.9,
KNZ0710,グリッター・EB,23.9,25.2,25.9,27.9,
KNZ0711,グリッター・EB,23.9,25.2,25.9,27.9,
KNZ0712,グリッター・EB,23.9,25.2,25.9,27.9,
KNZ0713,グリッター・EB,23.9,25.2,25.9,27.9,
KNZ0714,グリッター・EB,23.9,25.2,25.9,27.9,
KNZ0715,グリッター・EB,23.9,25.2,25.9,27.9,
KNZ0716,グリッター・EB,23.9,25.2,25.9,27.9,
KNZ0717,グリッター・EB,23.9,25.2,25.9,27.9,
KNZ0718,グリッター・EB,23.9,25.2,25.9,27.9,
KNZ0719,グリッター・EB,23.9,25.2,25.9,27.9,
KNZ0720,グリッター・EB,23.9,25.2,25.9,27.9,
KNZ10001,グリッター・EB,23.9,25.2,25.9,27.9,
KNZ10002,グリッター・EB,23.9,25.2,25.9,27.9,
KNZ10003,グリッター・EB,23.9,25.2,25.9,27.9,
KNZ10004,グリッター・EB,23.9,25.2,25.9,27.9,
KNZ10005,グリッター・EB,23.9,25.2,25.9,27.9,
KNZ10006,グリッター・EB,23.9,25.2,25.9,27.9,
KNZTST1,DD,34.8,35.9,36.5,38.4,
KNZTST2,DD,34.8,35.9,36.5,38.4,
KNZTST3,DD,34.8,35.9,36.5,38.4,
MTE001,グリッター・EB,20.5,20.5,23.9,24.7,26.3
MTE002,グリッター・EB,20.5,20.5,23.9,24.7,26.3
MTE003,グリッター・EB,20.5,20.5,23.9,24.7,26.3
MTE004,グリッター・EB,20.5,20.5,23.9,24.7,26.3
MTE005,グリッター・EB,20.5,20.5,23.9,24.7,26.3
MTE006,グリッター・EB,20.5,20.5,23.9,24.7,26.3
MTE007,グリッター・EB,20.5,20.5,23.9,24.7,26.3
MTE008,グリッター・EB,20.5,20.5,23.9,24.7,26.3
MTE009,グリッター・EB,20.5,20.5,23.9,24.7,26.3
MTE010,グリッター・EB,20.5,20.5,23.9,24.7,26.3
MTE011,グリッター・EB,20.5,20.5,23.9,24.7,26.3
MTE012,グリッター・EB,20.5,20.5,23.9,24.7,26.3
MTE013,グリッター・EB,20.5,20.5,23.9,24.7,26.3
MTE014,グリッター・EB,20.5,20.5,23.9,24.7,26.3
MTE015,グリッター・EB,20.5,20.5,23.9,24.7,26.3
MTE016,グリッター・EB,20.5,20.5,23.9,24.7,26.3
MTE017,グリッター・EB,20.5,20.5,23.9,24.7,26.3
MTE018,グリッター・EB,20.5,20.5,23.9,24.7,26.3
MTE019,グリッター・EB,20.5,20.5,23.9,24.7,26.3
MTE020,グリッター・EB,20.5,20.5,23.9,24.7,26.3
MTE021,グリッター・EB,20.5,20.5,23.9,24.7,26.3
MTE022,グリッター・EB,20.5,20.5,23.9,24.7,26.3
MTE023,グリッター・EB,20.5,20.5,23.9,24.7,26.3
MTE024,グリッター・EB,20.5,20.5,23.9,24.7,26.3
MTE025,グリッター・EB,20.5,20.5,23.9,24.7,26.3
MTE026,グリッター・EB,20.5,20.5,23.9,24.7,26.3
MTE027,グリッター・EB,20.5,20.5,23.9,24.7,26.3
MTE028,グリッター・EB,20.5,20.5,23.9,24.7,26.3
MTE029,グリッター・EB,20.5,20.5,23.9,24.7,26.3
MTE030,グリッター・EB,20.5,20.5,23.9,24.7,26.3
MTE031,グリッター・EB,20.5,20.5,23.9,24.7,26.3
MTE032,グリッター・EB,20.5,20.5,23.9,24.7,26.3
MTE033,グリッター・EB,20.5,20.5,23.9,24.7,26.3
MTE034,グリッター・EB,20.5,20.5,23.9,24.7,26.3
MTE035,グリッター・EB,20.5,20.5,23.9,24.7,26.3
MTE036,グリッター・EB,20.5,20.5,23.9,24.7,26.3
MTE037,グリッター・EB,20.5,20.5,23.9,24.7,26.3
MTE038,グリッター・EB,20.5,20.5,23.9,24.7,26.3
MTE039,グリッター・EB,20.5,20.5,23.9,24.7,26.3
MTE040,グリッター・EB,20.5,20.5,23.9,24.7,26.3
MTE041,グリッター・EB,20.5,20.5,23.9,24.7,26.3
MTE042,グリッター・EB,20.5,20.5,23.9,24.7,26.3
MTE043,グリッター・EB,20.5,20.5,23.9,24.7,26.3
MTE044,グリッター・EB,20.5,20.5,23.9,24.7,26.3
MTE045,グリッター・EB,20.5,20.5,23.9,24.7,26.3
MTE046,グリッター・EB,20.5,20.5,23.9,24.7,26.3
MTE047,グリッター・EB,20.5,20.5,23.9,24.7,26.3
MTE048,グリッター・EB,20.5,20.5,23.9,24.7,26.3
MTE049,グリッター・EB,20.5,20.5,23.9,24.7,26.3
MTE050,グリッター・EB,20.5,20.5,23.9,24.7,26.3
MTE051,グリッター・EB,20.5,20.5,23.9,24.7,26.3
MTE052,グリッター・EB,20.5,20.5,23.9,24.7,26.3
NNI001,グリッター・EB,23.9,25.2,25.9,27.9,
NNI002,グリッター・EB,23.9,25.2,25.9,27.9,
NNI003,グリッター・EB,23.9,25.2,25.9,27.9,
NNI004,グリッター・EB,23.9,25.2,25.9,27.9,
NNI005,グリッター・EB,23.9,25.2,25.9,27.9,
NNI006,グリッター・EB,23.9,25.2,25.9,27.9,
NNI007,グリッター・EB,23.9,25.2,25.9,27.9,
NNI008,グリッター・EB,23.9,25.2,25.9,27.9,
NNI009,グリッター・EB,23.9,25.2,25.9,27.9,
NNI010,グリッター・EB,23.9,25.2,25.9,27.9,
NNI011,グリッター・EB,23.9,25.2,25.9,27.9,
NNI012,グリッター・EB,23.9,25.2,25.9,27.9,
NNI013,グリッター・EB,23.9,25.2,25.9,27.9,
NNI014,グリッター・EB,23.9,25.2,25.9,27.9,
NNI015,グリッター・EB,23.9,25.2,25.9,27.9,
NNI016,グリッター・EB,23.9,25.2,25.9,27.9,
NNI017,グリッター・EB,23.9,25.2,25.9,27.9,
NNI018,グリッター・EB,23.9,25.2,25.9,27.9,
NNI019,グリッター・EB,23.9,25.2,25.9,27.9,
NNI020,グリッター・EB,23.9,25.2,25.9,27.9,
NNI021,グリッター・EB,23.9,25.2,25.9,27.9,
NNI022,グリッター・EB,23.9,25.2,25.9,27.9,
NNI023,グリッター・EB,23.9,25.2,25.9,27.9,
NNI024,グリッター・EB,23.9,25.2,25.9,27.9,
NNI025,グリッター・EB,23.9,25.2,25.9,27.9,
NNI026,グリッター・EB,23.9,25.2,25.9,27.9,
NNI027,グリッター・EB,23.9,25.2,25.9,27.9,
NNI028,グリッター・EB,23.9,25.2,25.9,27.9,
NNI029,グリッター・EB,23.9,25.2,25.9,27.9,
NNI030,グリッター・EB,23.9,25.2,25.9,27.9,
NNI031,グリッター・EB,23.9,25.2,25.9,27.9,
NNI032,グリッター・EB,23.9,25.2,25.9,27.9,
NNI033,グリッター・EB,23.9,25.2,25.9,27.9,
NNI034,グリッター・EB,23.9,25.2,25.9,27.9,
NNI035,グリッター・EB,23.9,25.2,25.9,27.9,
NNI036,グリッター・EB,23.9,25.2,25.9,27.9,
NNI037,グリッター・EB,23.9,25.2,25.9,27.9,
NNI038,グリッター・EB,23.9,25.2,25.9,27.9,
NNI039,グリッター・EB,23.9,25.2,25.9,27.9,
NNI040,グリッター・EB,23.9,25.2,25.9,27.9,
NNI041,グリッター・EB,23.9,25.2,25.9,27.9,
NNI042,グリッター・EB,23.9,25.2,25.9,27.9,
NNI043,グリッター・EB,23.9,25.2,25.9,27.9,
NNI044,グリッター・EB,23.9,25.2,25.9,27.9,
NNI045,グリッター・EB,23.9,25.2,25.9,27.9,
NNI046,グリッター・EB,23.9,25.2,25.9,27.9,
NNI047,グリッター・EB,23.9,25.2,25.9,27.9,
NNI048,グリッター・EB,23.9,25.2,25.9,27.9,
NNI049,グリッター・EB,23.9,25.2,25.9,27.9,
NNI050,グリッター・EB,23.9,25.2,25.9,27.9,
TRG001,SW,20.5,20.5,23.9,24.7,26.3
TRG002,SW,20.5,20.5,23.9,24.7,26.3
TRG003,SW,20.5,20.5,23.9,24.7,26.3
TRG004,SW,20.5,20.5,23.9,24.7,26.3
TRG005,SW,20.5,20.5,23.9,24.7,26.3
TRG006,SW,20.5,20.5,23.9,24.7,26.3
TRG007,SW,20.5,20.5,23.9,24.7,26.3
TRG008,SW,20.5,20.5,23.9,24.7,26.3
TRG009,SW,20.5,20.5,23.9,24.7,26.3
TRG010,SW,20.5,20.5,23.9,24.7,26.3
TRG011,SW,20.5,20.5,23.9,24.7,26.3
TRG012,SW,20.5,20.5,23.9,24.7,26.3
TRG013,SW,20.5,20.5,23.9,24.7,26.3
TRG014,SW,20.5,20.5,23.9,24.7,26.3
TRG015,SW,20.5,20.5,23.9,24.7,26.3
TRG016,SW,20.5,20.5,23.9,24.7,26.3
TRG017,SW,20.5,20.5,23.9,24.7,26.3
TRG018,SW,20.5,20.5,23.9,24.7,26.3
TRG019,SW,20.5,20.5,23.9,24.7,26.3
TRG020,SW,20.5,20.5,23.9,24.7,26.3
TRG021,SW,20.5,20.5,23.9,24.7,26.3
TRG022,SW,20.5,20.5,23.9,24.7,26.3
TRG023,SW,20.5,20.5,23.9,24.7,26.3
TRG024,SW,20.5,20.5,23.9,24.7,26.3
TRG025,SW,20.5,20.5,23.9,24.7,26.3
TRG026,SW,20.5,20.5,23.9,24.7,26.3
TRG027,SW,20.5,20.5,23.9,24.7,26.3
TRG028,SW,20.5,20.5,23.9,24.7,26.3
TRG029,SW,20.5,20.5,23.9,24.7,26.3
TRG030,SW,20.5,20.5,23.9,24.7,26.3
TRG031,SW,20.5,20.5,23.9,24.7,26.3
TRG032,SW,20.5,20.5,23.9,24.7,26.3
TRG033,SW,20.5,20.5,23.9,24.7,26.3
TRG034,SW,20.5,20.5,23.9,24.7,26.3
TRG035,SW,20.5,20.5,23.9,24.7,26.3
TRG036,SW,20.5,20.5,23.9,24.7,26.3
TRG037,SW,20.5,20.5,23.9,24.7,26.3
TRG038,SW,20.5,20.5,23.9,24.7,26.3
TRG039,SW,20.5,20.5,23.9,24.7,26.3
TRG040,SW,20.5,20.5,23.9,24.7,26.3
TRG041,SW,20.5,20.5,23.9,24.7,26.3
TRG042,SW,20.5,20.5,23.9,24.7,26.3
TRG043,SW,20.5,20.5,23.9,24.7,26.3
TRG044,SW,20.5,20.5,23.9,24.7,26.3
TRG045,SW,20.5,20.5,23.9,24.7,26.3
TRG046,SW,20.5,20.5,23.9,24.7,26.3
TRG047,SW,20.5,20.5,23.9,24.7,26.3
TRG048,SW,20.5,20.5,23.9,24.7,26.3
TRG049,SW,20.5,20.5,23.9,24.7,26.3
TRG050,SW,20.5,20.5,23.9,24.7,26.3
TRG051,SW,20.5,20.5,23.9,24.7,26.3
TRG052,SW,20.5,20.5,23.9,24.7,26.3
TRG053,SW,20.5,20.5,23.9,24.7,26.3
TRG054,SW,20.5,20.5,23.9,24.7,26.3
TRG055,SW,20.5,20.5,23.9,24.7,26.3
TRG056,SW,20.5,20.5,23.9,24.7,26.3
TRG057,SW,20.5,20.5,23.9,24.7,26.3
TRG058,SW,20.5,20.5,23.9,24.7,26.3
TRG059,SW,20.5,20.5,23.9,24.7,26.3
TRG060,SW,20.5,20.5,23.9,24.7,26.3
TRG061,グリッター・EB,20.5,20.5,23.9,24.7,26.3
TRG062,グリッター・EB,20.5,20.5,23.9,24.7,26.3
TRG063,グリッター・EB,20.5,20.5,23.9,24.7,26.3
TRG064,グリッター・EB,20.5,20.5,23.9,24.7,26.3
TRG065,グリッター・EB,20.5,20.5,23.9,24.7,26.3
TRG066,グリッター・EB,20.5,20.5,23.9,24.7,26.3
TRG067,グリッター・EB,20.5,20.5,23.9,24.7,26.3
TRG068,グリッター・EB,20.5,20.5,23.9,24.7,26.3
TRG069,グリッター・EB,20.5,20.5,23.9,24.7,26.3
TRG070,グリッター・EB,20.5,20.5,23.9,24.7,26.3
TRG071,グリッター・EB,20.5,20.5,23.9,24.7,26.3
TRG072,グリッター・EB,20.5,20.5,23.9,24.7,26.3
TRG073,グリッター・EB,20.5,20.5,23.9,24.7,26.3
TRG074,グリッター・EB,20.5,20.5,23.9,24.7,26.3
TRG075,グリッター・EB,20.5,20.5,23.9,24.7,26.3
TRG076,グリッター・EB,20.5,20.5,23.9,24.7,26.3
TRG077,グリッター・EB,20.5,20.5,23.9,24.7,26.3
TRG078,グリッター・EB,20.5,20.5,23.9,24.7,26.3
TRG079,グリッター・EB,20.5,20.5,23.9,24.7,26.3
TRG080,グリッター・EB,20.5,20.5,23.9,24.7,26.3
TRG081,グリッター・EB,20.5,20.5,23.9,24.7,26.3
TRG082,グリッター・EB,20.5,20.5,23.9,24.7,26.3
TRG083,グリッター・EB,20.5,20.5,23.9,24.7,26.3
TRG084,グリッター・EB,20.5,20.5,23.9,24.7,26.3
TRG085,グリッター・EB,20.5,20.5,23.9,24.7,26.3
TRG086,グリッター・EB,20.5,20.5,23.9,24.7,26.3
TRG087,グリッター・EB,20.5,20.5,23.9,24.7,26.3
TRG088,グリッター・EB,20.5,20.5,23.9,24.7,26.3
TRG089,グリッター・EB,20.5,20.5,23.9,24.7,26.3
TRG090,グリッター・EB,20.5,20.5,23.9,24.7,26.3
TRG091,グリッター・EB,20.5,20.5,23.9,24.7,26.3
TRG092,グリッター・EB,20.5,20.5,23.9,24.7,26.3
TRG093,グリッター・EB,20.5,20.5,23.9,24.7,26.3
TRG094,グリッター・EB,20.5,20.5,23.9,24.7,26.3
TRG095,グリッター・EB,20.5,24.5,23.9,24.7,26.3
TRG096,グリッター・EB,20.5,24.5,23.9,24.7,26.3
TRG097,グリッター・EB,20.5,24.5,23.9,24.7,26.3
TRG098,グリッター・EB,20.5,24.5,23.9,24.7,26.3
TRG099,グリッター・EB,20.5,24.5,23.9,24.7,26.3
TRG100,グリッター・EB,20.5,24.5,23.9,24.7,26.3
TRG101,グリッター・EB,20.5,24.5,23.9,24.7,26.3
TRG102,グリッター・EB,20.5,24.5,23.9,24.7,26.3
TRG103,グリッター・EB,20.5,24.5,23.9,24.7,26.3
TRG104,グリッター・EB,20.5,24.5,23.9,24.7,26.3
TRG105,グリッター・EB,20.5,24.5,23.9,24.7,26.3
TRG106,グリッター・EB,20.5,24.5,23.9,24.7,26.3
TRG107,グリッター・EB,20.5,24.5,23.9,24.7,26.3
TRG108,グリッター・EB,20.5,24.5,23.9,24.7,26.3
TRG109,グリッター・EB,20.5,24.5,23.9,24.7,26.3
TRG110,グリッター・EB,20.5,24.5,23.9,24.7,26.3
TRG111,グリッター・EB,20.5,24.5,23.9,24.7,26.3
TRG112,グリッター・EB,20.5,24.5,23.9,24.7,26.3
TRG113,グリッター・EB,20.5,24.5,23.9,24.7,26.3
TRG114,グリッター・EB,20.5,24.5,23.9,24.7,26.3
TRG115,グリッター・EB,20.5,24.5,23.9,24.7,26.3
TRG116,グリッター・EB,20.5,24.5,23.9,24.7,26.3
TRG117,グリッター・EB,20.5,24.5,23.9,24.7,26.3
TRG118,グリッター・EB,20.5,24.5,23.9,24.7,26.3
TRG119,グリッター・EB,20.5,24.5,23.9,24.7,26.3
TRG120,グリッター・EB,20.5,24.5,23.9,24.7,26.3
UED001,グリッター・EB,17.9,20.5,23.9,24.7,26.3
UED002,グリッター・EB,17.9,20.5,23.9,24.7,26.3
UED003,グリッター・EB,17.9,20.5,23.9,24.7,26.3
UED004,グリッター・EB,17.9,20.5,23.9,24.7,26.3
UED005,グリッター・EB,17.9,20.5,23.9,24.7,26.3
UED006,グリッター・EB,17.9,20.5,23.9,24.7,26.3
UED007,グリッター・EB,17.9,20.5,23.9,24.7,26.3
UED008,グリッター・EB,17.9,20.5,23.9,24.7,26.3
UED009,グリッター・EB,17.9,20.5,23.9,24.7,26.3
UED010,グリッター・EB,17.9,20.5,23.9,24.7,26.3
UED011,グリッター・EB,17.9,20.5,23.9,24.7,26.3
UED012,グリッター・EB,17.9,20.5,23.9,24.7,26.3
UED013,グリッター・EB,17.9,20.5,23.9,24.7,26.3
UED014,グリッター・EB,17.9,20.5,23.9,24.7,26.3
UED015,グリッター・EB,17.9,20.5,23.9,24.7,26.3
UED016,グリッター・EB,17.9,20.5,23.9,24.7,26.3
UED017,グリッター・EB,17.9,20.5,23.9,24.7,26.3
UED018,グリッター・EB,17.9,20.5,23.9,24.7,26.3
UED019,グリッター・EB,17.9,20.5,23.9,24.7,26.3
UED020,グリッター・EB,17.9,20.5,23.9,24.7,26.3
UED021,グリッター・EB,17.9,20.5,23.9,24.7,26.3
UED022,グリッター・EB,17.9,20.5,23.9,24.7,26.3
UED023,グリッター・EB,17.9,20.5,23.9,24.7,26.3
UED024,グリッター・EB,17.9,20.5,23.9,24.7,26.3
UED025,グリッター・EB,17.9,20.5,23.9,24.7,26.3
UED026,グリッター・EB,17.9,20.5,23.9,24.7,26.3
UED027,グリッター・EB,17.9,20.5,23.9,24.7,26.3
UED028,グリッター・EB,17.9,20.5,23.9,24.7,26.3
UED029,グリッター・EB,17.9,20.5,23.9,24.7,26.3
UED030,グリッター・EB,17.9,20.5,23.9,24.7,26.3
UED031,グリッター・EB,17.9,20.5,23.9,24.7,26.3
UED032,グリッター・EB,17.9,20.5,23.9,24.7,26.3
UED033,グリッター・EB,17.9,20.5,23.9,24.7,26.3
UED034,グリッター・EB,17.9,20.5,23.9,24.7,26.3
UED035,グリッター・EB,17.9,20.5,23.9,24.7,26.3
UED036,グリッター・EB,17.9,20.5,23.9,24.7,26.3
UED037,グリッター・EB,17.9,20.5,23.9,24.7,26.3
UED038,グリッター・EB,17.9,20.5,23.9,24.7,26.3
UED039,グリッター・EB,17.9,20.5,23.9,24.7,26.3
UED040,グリッター・EB,17.9,20.5,23.9,24.7,26.3
UED041,グリッター・EB,17.9,20.5,23.9,24.7,26.3
UED042,グリッター・EB,17.9,20.5,23.9,24.7,26.3
UED043,グリッター・EB,17.9,20.5,23.9,24.7,26.3
UED044,グリッター・EB,17.9,20.5,23.9,24.7,26.3
UED045,グリッター・EB,17.9,20.5,23.9,24.7,26.3
UED046,グリッター・EB,17.9,20.5,23.9,24.7,26.3
UED047,グリッター・EB,17.9,20.5,23.9,24.7,26.3
UED048,グリッター・EB,17.9,20.5,23.9,24.7,26.3
UED049,グリッター・EB,17.9,20.5,23.9,24.7,26.3
UED050,グリッター・EB,17.9,20.5,23.9,24.7,26.3
UED051,グリッター・EB,17.9,20.5,23.9,24.7,26.3
UED052,グリッター・EB,17.9,20.5,23.9,24.7,26.3
UED053,グリッター・EB,17.9,20.5,23.9,24.7,26.3
UED054,グリッター・EB,17.9,20.5,23.9,24.7,26.3
UED055,グリッター・EB,17.9,20.5,23.9,24.7,26.3
UED056,グリッター・EB,17.9,20.5,23.9,24.7,26.3
UED057,グリッター・EB,17.9,20.5,23.9,24.7,26.3
UED058,グリッター・EB,17.9,20.5,23.9,24.7,26.3
UED059,グリッター・EB,17.9,20.5,23.9,24.7,26.3
UED060,グリッター・EB,17.9,20.5,23.9,24.7,26.3
UED061,グリッター・EB,17.9,20.5,23.9,24.7,26.3
UED062,グリッター・EB,17.9,20.5,23.9,24.7,26.3
UED063,グリッター・EB,17.9,20.5,23.9,24.7,26.3
UED064,グリッター・EB,17.9,20.5,23.9,24.7,26.3
UED065,グリッター・EB,17.9,20.5,23.9,24.7,26.3
UED066,グリッター・EB,17.9,20.5,23.9,24.7,26.3
UED067,グリッター・EB,17.9,20.5,23.9,24.7,26.3
UED068,グリッター・EB,17.9,20.5,23.9,24.7,26.3
UED069,グリッター・EB,17.9,20.5,23.9,24.7,26.3
UED070,グリッター・EB,17.9,20.5,23.9,24.7,26.3
UED071,グリッター・EB,17.9,20.5,23.9,24.7,26.3
UED072,グリッター・EB,17.9,20.5,23.9,24.7,26.3
UED073,グリッター・EB,17.9,20.5,23.9,24.7,26.3
UED074,グリッター・EB,17.9,20.5,23.9,24.7,26.3
UED075,グリッター・EB,17.9,20.5,23.9,24.7,26.3
UED076,グリッター・EB,17.9,20.5,23.9,24.7,26.3
UED077,グリッター・EB,17.9,20.5,23.9,24.7,26.3
UED078,グリッター・EB,17.9,20.5,23.9,24.7,26.3
UED079,グリッター・EB,17.9,20.5,23.9,24.7,26.3
UED080,グリッター・EB,17.9,20.5,23.9,24.7,26.3
UED081,グリッター・EB,17.9,20.5,23.9,24.7,26.3
UED082,グリッター・EB,17.9,20.5,23.9,24.7,26.3
UED083,グリッター・EB,17.9,20.5,23.9,24.7,26.3
UED084,グリッター・EB,17.9,20.5,23.9,24.7,26.3
UED085,グリッター・EB,17.9,20.5,23.9,24.7,26.3
UED086,グリッター・EB,17.9,20.5,23.9,24.7,26.3
UED087,グリッター・EB,17.9,20.5,23.9,24.7,26.3
UED088,グリッター・EB,17.9,20.5,23.9,24.7,26.3
UED089,グリッター・EB,17.9,20.5,23.9,24.7,26.3
UED090,グリッター・EB,17.9,20.5,23.9,24.7,26.3
UED091,グリッター・EB,17.9,20.5,23.9,24.7,26.3
UED092,グリッター・EB,17.9,20.5,23.9,24.7,26.3
UED093,グリッター・EB,17.9,20.5,23.9,24.7,26.3
UED094,グリッター・EB,17.9,20.5,23.9,24.7,26.3
UED095,グリッター・EB,17.9,20.5,23.9,24.7,26.3
UED096,グリッター・EB,17.9,20.5,23.9,24.7,26.3
UED097,グリッター・EB,17.9,20.5,23.9,24.7,26.3
UED098,グリッター・EB,17.9,20.5,23.9,24.7,26.3
UED099,グリッター・EB,17.9,20.5,23.9,24.7,26.3
UED100,グリッター・EB,17.9,20.5,23.9,24.7,26.3
